question,provider,rank,type,title,url,description
"Bürgerbüro Stadt Lindau Öffnungszeiten",brave,1,web,"Bürgerbüro Lindau | Öffnungszeiten | Telefon | Adresse","https://www.11880.com/branchenbuch/lindau-bodensee/031024988B110501302/buergerbuero.html","Kontaktieren können Sie Bürgerbüro über 08382 918-333. Bürgerbüro ist zu diesen Zeiten geöffnet: <strong>Mo.: 07:30-12:30; Di.: 07:30-12:30; Mi.: 07:30-17:30; Do.: 07:30-12:30; Fr.: 07:30-12:30</strong>."
"Bürgerbüro Stadt Lindau Öffnungszeiten",brave,2,web,"Startseite / Stadt Lindau","https://www.stadtlindau.de/","Stadt Lindau (Bodensee) Tel. 08382/918-0 E-Mail Öffnungszeiten <strong>Montag - Freitag 07.30 bis 12.30 Uhr, zusätzlich Mittwoch von 14.00 bis 17.30 Uhr</strong> · Bürgerbüro Tel. 08382/918-333 E-Mail Öffnungszeiten Bürgerbüro Montag - Freitag 07.30 bis 12.30 Uhr, zusätzlich Mittwoch von 14.00 bis ..."
"Bürgerbüro Stadt Lindau Öffnungszeiten",brave,3,web,"Bürgerbüro / Stadt Lindau","https://www.stadtlindau.de/B%C3%BCrger-Politik-Verwaltung/%C3%84mter-Abteilungen-Sachgebiete/B%C3%BCrgerb%C3%BCro.php?ModID=9&FID=2412.3.1","Stadt Lindau (B) Tel. 08382/918-0 Mail · Bürgerbüro Tel. 08382/918-333 Mail Keine Terminvereinbarung im Bürgerbüro nötig! Öffnungszeiten Bürgerbüro <strong>Montag - Freitag 7.30 bis 12.30 Uhr, zusätzlich Mittwoch von 14 bis 18.00 Uhr</strong>"
"Bürgerbüro Stadt Lindau Öffnungszeiten",brave,4,web,"Online-Bürgerservices / Stadt Lindau","https://www.stadtlindau.de/B%C3%BCrger-Politik-Verwaltung/Online-B%C3%BCrgerservices/","08382/918-0 E-Mail Öffnungszeiten Montag - Freitag 07.30 bis 12.30 Uhr, zusätzlich Mittwoch von 14.00 bis 17.30 Uhr · Bürgerbüro Tel. 08382/918-333 E-Mail Öffnungszeiten Bürgerbüro <strong>Montag - Freitag 07.30 bis 12.30 Uhr, zusätzlich Mittwoch von 14.00 bis 18.00 Uhr</strong> Bürgerservice-Bauen Tel."
"Bürgerbüro Stadt Lindau Öffnungszeiten",brave,5,web,"Bürgeramt Lindau - Öffnungszeiten Einwohnermeldeamt","https://www.meldebox.de/umzug-lindau-bodensee/einwohnermeldeamt/lindau-90793/","Bürgeramt Lindau : Telefon ☎ + E-Mail für Termin ✅ Adresse + Öffnungszeiten ✅ Tipps + Vorlagen zum An- und Ummelden ✅."
"Bürgerbüro Stadt Lindau Öffnungszeiten",staan,1,web,"Online-Bürgerservices","https://www.stadtlindau.de/B%C3%BCrger-Politik-Verwaltung/Online-B%C3%BCrgerservices/","Öffnungszeiten Montag - Freitag 07.30 bis 12.30 Uhr, zusätzlich Mittwoch von 14.00 bis 17.30 Uhr. Bürgerbüro Tel. 08382/918-333. E-Mail Öffnungszeiten ..."
"Bürgerbüro Stadt Lindau Öffnungszeiten",staan,2,web,"Stadt Lindau (B) / Stadt Lindau","https://www.stadtlindau.de/Quicknavigation/Kontakt/","Öffnungszeiten Montag - Freitag 07.30 bis 12.30 Uhr, zusätzlich Mittwoch von 14.00 bis 17.30 Uhr. Bürgerbüro Tel. 08382/918-333. E-Mail Öffnungszeiten ..."
"Bürgerbüro Stadt Lindau Öffnungszeiten",staan,3,web,"Startseite / Stadt Lindau","https://www.stadtlindau.de/","Öffnungszeiten Montag - Freitag 07.30 bis 12.30 Uhr, zusätzlich Mittwoch von 14.00 bis 17.30 Uhr. Bürgerbüro Tel. 08382/918-333. E-Mail Öffnungszeiten ..."
"Bürgerbüro Stadt Lindau Öffnungszeiten",staan,4,web,"Bürgerservice / Landkreis Lindau","https://www.landkreis-lindau.de/B%C3%BCrgerservice-Online-Dienste/B%C3%BCrgerservice/","Wir sind für Sie telefonisch von Montag bis Freitag von 7.30 Uhr bis 12.30 Uhr und Montag bis Donnerstag zusätzlich von 14 Uhr bis 16.30 Uhr erreichbar. Unser ..."
"Bürgerbüro Stadt Lindau Öffnungszeiten",staan,5,web,"Ämter, Abteilungen, Sachgebiete","https://www.stadtlindau.de/B%C3%BCrger-Politik-Verwaltung/%C3%84mter-Abteilungen-Sachgebiete/","Öffnungszeiten Montag - Freitag 07.30 bis 12.30 Uhr, zusätzlich Mittwoch von 14.00 bis 17.30 Uhr. Bürgerbüro Tel. 08382/918-333. E-Mail Öffnungszeiten ..."
"Bürgerbüro Stadt Lindau Öffnungszeiten",staan,6,web,"Unsere Stadt / Stadt Lindau","https://www.stadtlindau.de/Unsere-Stadt/","Öffnungszeiten Montag - Freitag 07.30 bis 12.30 Uhr, zusätzlich Mittwoch von 14.00 bis 17.30 Uhr. Bürgerbüro Tel. 08382/918-333. E-Mail Öffnungszeiten ..."
"Bürgerbüro Stadt Lindau Öffnungszeiten",staan,7,web,"Impressum / Stadt Lindau","https://www.stadtlindau.de/Quicknavigation/Impressum/","Öffnungszeiten Montag - Freitag 07.30 bis 12.30 Uhr, zusätzlich Mittwoch von 14.00 bis 17.30 Uhr. Bürgerbüro Tel. 08382/918-333. E-Mail Öffnungszeiten ..."
"Bürgerbüro Stadt Lindau Öffnungszeiten",staan,8,web,"Lindau im Bodensee Urlaub auf der Bodenseeinsel","https://www.lindau.de/","Willkommen in Lindau im Bodensee! Planen Sie hier Ihren Urlaub: passende Unterkunft finden, Ausflugsziele und Sehenswürdigkeiten entdecken."
"Bürgerbüro Stadt Lindau Öffnungszeiten",staan,9,web,"Wohnsitz; Anmeldung / Stadt Lindau","https://www.stadtlindau.de/B%C3%BCrger-Politik-Verwaltung/Wahlen/index.php?object=tx%7C2412.2&ModID=10&FID=2412.234.1","Öffnungszeiten Montag - Freitag 07.30 bis 12.30 Uhr, zusätzlich Mittwoch von 14.00 bis 17.30 Uhr. Bürgerbüro Tel. 08382/918-333. E-Mail Öffnungszeiten ..."
"Stadt Lindau Anmeldung Wohnsitz erforderliche Unterlagen",brave,1,web,"Wohnsitz; Anmeldung / Stadt Lindau","https://www.stadtlindau.de/B%C3%BCrger-Politik-Verwaltung/Wahlen/index.php?object=tx%7C2412.2&ModID=10&FID=2412.234.1","Sie können sich bei der Anmeldung auch durch eine Person unter Vorlage der erforderlichen Unterlagen (Anmeldeunterlagen und Vollmacht) vertreten lassen. Eine elektronische Anmeldung ist nur dann über den Onlinedienst zur elektronischen Wohnsitzanmeldung möglich, wenn die für Ihren Wohnort ..."
"Stadt Lindau Anmeldung Wohnsitz erforderliche Unterlagen",brave,2,web,"Wohnsitz; Anmeldung - BayernPortal","https://www.bayernportal.de/dokumente/leistung/8444082781?plz=88131&behoerde=61109050444&gemeinde=389190681680","Sie können sich bei der Anmeldung auch durch eine Person unter Vorlage der erforderlichen Unterlagen (Anmeldeunterlagen und Vollmacht) vertreten lassen. Eine elektronische Anmeldung ist nur dann über den Onlinedienst zur elektronischen Wohnsitzanmeldung möglich, wenn die für Ihren Wohnort zuständige Behörde sich an diesen Online-Dienst, der schrittweise in ganz Deutschland verfügbar gemacht werden soll, bereits angeschlossen hat."
"Stadt Lindau Anmeldung Wohnsitz erforderliche Unterlagen",brave,3,web,"Wohnsitz; Abmeldung / Stadt Lindau","https://www.stadtlindau.de/B%C3%BCrger-Politik-Verwaltung/Aktuelles/index.php?object=tx%7C2412.2&ModID=10&FID=2412.142.1","<strong>Personalausweis, Reisepass oder Passersatzpapier</strong> (bei schriftlicher Abmeldung in Kopie; bei elektronischer Abmeldung nicht erforderlich, soweit o.g."
"Stadt Lindau Anmeldung Wohnsitz erforderliche Unterlagen",brave,4,web,"Einwohnermeldeamt Lindau (Bodensee): Adresse Öffnungszeiten Termin","https://www.meldebox.de/umzug-lindau-bodensee/einwohnermeldeamt/","Sie werden Ihre Gründe haben, aus Lindau fortzuziehen. In mehreren Fällen ist eine Abmeldung beim bislang verantwortlichen Bürgeramt notwendig. Sie möchten einen Zweitwohnsitz beziehen und haben Fragen zur Anmeldung, Fristen oder Gebühren? Unsere FAQ gibt Ihnen die richtige Auskunft. Kontaktdaten und Öffnungszeiten aller Kfz-Zulassungsstellen in Deutschland sowie Infotexte und Vorlagen zum Anmelden, Ummelden und Abmelden eines Fahrzeugs."
"Stadt Lindau Anmeldung Wohnsitz erforderliche Unterlagen",brave,5,web,"Online-Bürgerservices / Stadt Lindau","https://stadtlindau.de/B%C3%BCrger-Politik-Verwaltung/Online-B%C3%BCrgerservices/index.php?La=1&object=tx,2715.5019.1,2412.90.1&kuo=2&sub=0&NavID=2715.139&La=1","Nicht davon betroffen ist das Wahlamt der Stadt Lindau. Hier gelten die regulären Öffnungszeiten. schließen ... Wichtiger Hinweis: Um die elektronische Wohnsitzanmeldung vornehmen zu können benötigen Sie eine <strong>Wohnungsgeberbestätigung für Zuzug oder Umzug innerhalb Lindaus</strong>."
"Stadt Lindau Anmeldung Wohnsitz erforderliche Unterlagen",staan,1,web,"Wohnsitz; Anmeldung / Stadt Lindau","https://www.stadtlindau.de/B%C3%BCrger-Politik-Verwaltung/Wahlen/index.php?object=tx%7C2412.2&ModID=10&FID=2412.234.1","Erforderliche Unterlagen · Ausgefüllter und unterschriebener Meldeschein (Meldeschein ist bei der Meldebehörde erhältlich) · Personalausweis und/oder Reisepass ..."
"Stadt Lindau Anmeldung Wohnsitz erforderliche Unterlagen",staan,2,web,"Elektronische Wohnsitzanmeldung","https://www.bayernportal.de/dokumente/onlineservice/13440267901?plz=88131&behoerde=61109050444&gemeinde=389190681680","Große Kreisstadt Lindau (Bodensee) - Elektronische Wohnsitzanmeldung · Personalausweis, Reisepass und eID-Karte; Beantragung der Änderung der Anschrift oder des ..."
"Stadt Lindau Anmeldung Wohnsitz erforderliche Unterlagen",staan,3,web,"Wohnungsgeberbestätigung; Vorlage / Stadt Lindau","https://www.stadtlindau.de/Quicknavigation/Kontakt/index.php?object=tx%7C2412.2&ModID=10&FID=2412.346.1","Name und Anschrift des Wohnungsgebers und, wenn dieser nicht Eigentümer ist, auch den Namen des Eigentümers · Datum des tatsächlichen Einzugs · die Anschrift der ..."
"Stadt Lindau Anmeldung Wohnsitz erforderliche Unterlagen",staan,4,web,"Wohnsitz; Anmeldung des Aufenthalts in Krankenhäusern, ...","https://www.stadtlindau.de/B%C3%BCrger-Politik-Verwaltung/%C3%84mter-Abteilungen-Sachgebiete/index.php?object=tx%7C2412.2&ModID=10&FID=2412.63.1","Die Auskunft umfasst Familiennamen, Vornamen, Geburtsdatum und Geburtsort sowie bei Geburt im Ausland auch den Staat, Staatsangehörigkeiten, Anschriften sowie ..."
"Stadt Lindau Anmeldung Wohnsitz erforderliche Unterlagen",staan,5,web,"Formulare & Anträge / Stadt Lindau","https://www.stadtlindau.de/B%C3%BCrger-Politik-Verwaltung/Formulare-Antr%C3%A4ge/","Hier finden Sie spezielle Formulare und Anträge der Stadt Lindau, die zum Download zur Verfügung gestellt werden. Viele Bürgerservices sind bereits digital ..."
"Stadt Lindau Anmeldung Wohnsitz erforderliche Unterlagen",staan,6,web,"Bürgerdienste: Wohnsitz als Hauptwohnsitz anmelden","https://web1.karlsruhe.de/service/Buergerdienste/leistung.php?id=6021867","Personalausweis und / oder Reisepass; Ausweise der Familienangehörigen: Für Kinder, die keinen Kinderreisepass besitzen, müssen Sie die Geburtsurkunde vorlegen."
"Stadt Lindau Anmeldung Wohnsitz erforderliche Unterlagen",staan,7,web,"Startseite / Stadt Lindau","https://www.stadtlindau.de/","Die Insel- und Gartenstadt Lindau ist umgeben von Wasser und Bergen. Die mittelalterliche Altstadt befindet sich auf der Insel im Bodensee, mitten im ..."
"Stadt Lindau Anmeldung Wohnsitz erforderliche Unterlagen",staan,8,web,"Anmeldung einer Unterkunft bei der Stadt Lindau (Bodensee)","https://www.lindau.de/content/uploads/2024/06/Anmeldeformular-neue-Unterkuenfte-ab-2024.pdf","Anmeldung einer Unterkunft bei der Stadt Lindau – Seite 7 von 7. Rücksendung der Anmeldeunterlagen und gegebenenfalls des SEPA-. Lastschriftmandates an: Stadt ..."
"Stadt Lindau Anmeldung Wohnsitz erforderliche Unterlagen",staan,9,web,"Anmeldung | Abmeldung | Ummeldung | Brüder-Grimm- ...","https://www.steinau.eu/anmeldung-abmeldung-ummeldung-02811.html","Personalausweis sofern vorhanden Reisepass · (Identitätscard bzw. ausländischer Nationalpass) · neue vollständige Anschrift im Ausland."
"Personalausweis beantragen Stadt Lindau Kosten",brave,1,web,"Personalausweis; Beantragung / Stadt Lindau","https://www.stadtlindau.de/B%C3%BCrger-Politik-Verwaltung/Wahlen/index.php?object=tx%7C2412.2&ModID=10&FID=2412.41.1","Zur Frage, ob in der Behörde Geräte zur Lichtbildaufnahme vorhanden sind, wenden Sie sich bitte dorthin. Seit dem 2. Mai 2025 besteht ab dem 16. Geburtstag die Möglichkeit, sich beantragte deutsche Personalausweise für eine Zusatzgebühr von <strong>15,00 €</strong> an die inländische Meldeadresse schicken ..."
"Personalausweis beantragen Stadt Lindau Kosten",brave,2,web,"Personalausweis; Beantragung / Stadt Lindau","https://stadtlindau.de/B%C3%BCrger-Politik-Verwaltung/Aktuelles/index.php?FID=2412.41.1&ModID=10&object=tx%7C2412.2","Zur Frage, ob in der Behörde Geräte zur Lichtbildaufnahme vorhanden sind, wenden Sie sich bitte dorthin. Seit dem 2. Mai 2025 besteht ab dem 16. Geburtstag die Möglichkeit, sich beantragte deutsche Personalausweise für eine Zusatzgebühr von <strong>15,00 €</strong> an die inländische Meldeadresse schicken ..."
"Personalausweis beantragen Stadt Lindau Kosten",brave,3,web,"Personalausweis beantragen | Gemeinde Katlenburg-Lindau","https://www.katlenburglindau.de/buergerservice/dienstleistungen/personalausweis-beantragen-900001467-0.html?myMedium=1","Seit dem 1.Mai 2025 können Bürgerinnen und Bürger Personalausweise und Reisepässe nur noch mit digitalen Lichtbildern beantragen. Sie stellen den Antrag auf Ausstellung eines Personalausweises. Das können Sie ausschließlich vor Ort im Bürgeramt machen. Das digitale Passfoto kann entweder vor Ort kostenpflichtig erstellt oder vorab in einem zertifizierten Fotostudio aufgenommen werden."
"Personalausweis beantragen Stadt Lindau Kosten",brave,4,web,"Reisepass; Beantragung / Stadt Lindau","https://www.stadtlindau.de/B%C3%BCrger-Politik-Verwaltung/Stadtrecht/index.php?object=tx%7C2412.2&ModID=10&FID=2412.212.1","§ 8c Zuständigkeitsverordnung (ZustV) Zuständigkeit der Gemeinden zur Pass-/Personalausweisausstellung ... Ich brauche den Reisepass sofort. Was kann ich tun? Ich möchte mein Ausweisdokument per Post nach Hause geschickt bekommen. Wie funktioniert das und was kostet es?"
"Personalausweis beantragen Stadt Lindau Kosten",brave,5,web,"Personalausweis Beantragen | Lindau (Bodensee)","https://www.12beantragen.com/personalausweis/antrag/2289/Lindau-Bodensee","Personalausweis Beantragen beim Landratsamt Lindau-Bodensee - Bürgeramt in Lindau (Bodensee) | Anschrift, Telefonnummer, Email adres, Webseite, Öffnungszeiten, Personalausweis Lindau (Bodensee)"
"Personalausweis beantragen Stadt Lindau Kosten",staan,1,web,"Personalausweis; Beantragung / Stadt Lindau","https://www.stadtlindau.de/B%C3%BCrger-Politik-Verwaltung/Wahlen/index.php?object=tx%7C2412.2&ModID=10&FID=2412.41.1","Kosten · Antragsteller ab 24 Jahren: 46,00 EUR · Antragsteller unter 24 Jahren: 27,60 EUR · Ausstellung von Ausweisen für Bedürftige: Gebührenreduzierung oder - ..."
"Personalausweis beantragen Stadt Lindau Kosten",staan,2,web,"Reisepass; Beantragung / Stadt Lindau","https://www.stadtlindau.de/B%C3%BCrger-Politik-Verwaltung/%C3%84mter-Abteilungen-Sachgebiete/index.php?object=tx%7C2412.2&ModID=10&FID=2412.212.1","Seit dem 2. Mai 2025 besteht ab dem 18. Geburtstag die Möglichkeit, sich beantragte deutsche Reisepässe für eine Zusatzgebühr von 15,00 € an die inländische ..."
"Personalausweis beantragen Stadt Lindau Kosten",staan,3,web,"Online-Bürgerservices","https://www.stadtlindau.de/B%C3%BCrger-Politik-Verwaltung/Online-B%C3%BCrgerservices/","Bei gebührenpflichtigen Leistungen können Sie mit Kreditkarte oder PayPal zahlen. Wählen Sie im Antrag einfach Ihre Zahlungsmethode. Wir empfehlen Mozilla ..."
"Personalausweis beantragen Stadt Lindau Kosten",staan,4,web,"Personalausweis für deutsche Staatsangehörige mit ...","https://www.katlenburglindau.de/buergerservice/dienstleistungen/personalausweis-fuer-deutsche-staatsangehoerige-mit-staendigem-wohnsitz-im-ausland-beantragen-900000484-0.html?myMedium=1","Welche Gebühren fallen an? für Antragstellende unter 24 Jahren: EUR 57,60; für Antragstellende über 24 Jahren: EUR 76,00. Hinweis Die Gebühren können für ..."
"Personalausweis beantragen Stadt Lindau Kosten",staan,5,web,"Stadt Lindau (Bodensee) Bürgerbüro ...","https://www.stadtlindau.de/media/custom/2412_1730_1.PDF?1403091205","Sie haben die Möglichkeit, vor Ihrer Ausweisbeantragung das vorhandene Fototerminal im. Bürgerbüro zu nutzen (Gebühr 6 EUR) oder das Passfoto in einem ..."
"Personalausweis beantragen Stadt Lindau Kosten",staan,6,web,"Personalausweis: Ausstellung neu wegen Ablauf der ...","https://www.wilhelmshaven.de/Buergerservice/Dienstleistungen/308087857.php","Welche Gebühren fallen an? · Antragsteller ab 24 Jahren Gebühr: EUR 46,00 · Aufschlag bei Ausstellung durch konsularische oder diplomatische Vertretung im Ausland ..."
"Personalausweis beantragen Stadt Lindau Kosten",staan,7,web,"Personalausweis (Übersicht)","https://www.hanau-digital.de/dienstleistung/173260/index.html","Für Personen ab 24 Jahren steigt die Gebühr von bisher 37 Euro auf 46 Euro. Antragstellende unter 24 Jahren zahlen künftig 27,60 Euro statt bislang 22,80 Euro."
"Personalausweis beantragen Stadt Lindau Kosten",staan,8,web,"Personalausweis","https://kreuzau.de/vv/produkte/ausweise-bescheinigungen/106060100000003083.php","Gebühren · 46,00 € für Personen ab 24 Jahre · 27,60 € für Personen unter 24 Jahre."
"Personalausweis beantragen Stadt Lindau Kosten",staan,9,web,"Beantragung, Kosten und Abholung des Personalausweises","https://www.personalausweisportal.de/SharedDocs/faqs/Webs/PA/DE/Haeufige-Fragen/1_beantragung_faq/beantragung_faq-liste.html","Sie können jederzeit einen neuen Personalausweis beantragen. Ich erhalte bei meiner Behörde keinen Termin oder habe eine sehr lange Wartezeit. Was kann ich tun?"
"Veranstaltungen Stadt Lindau Bodensee aktuell",brave,1,web,"Veranstaltungen in Lindau 🎙️: Highlights, Events & Höhepunkte","https://www.lindau.de/lindau-erleben/veranstaltungen/","In dringenden Fällen schreiben Sie uns bitte ein Mail an info@lindau-tourismus.de · Vielen Dank. Wein trifft Beats: Beim <strong>LAGO Weinfestival in der Inselhalle Lindau</strong> präsentieren zwölf Winzerinnen und Winzer vom Bayerischen Bodensee über 80 Weine."
"Veranstaltungen Stadt Lindau Bodensee aktuell",brave,2,web,"Veranstaltungen in Lindau im Bodensee 2026 – Veranstaltungen Baden-Württemberg","https://www.veranstaltung-baden-wuerttemberg.de/stadt/lindau-im-bodensee/","Veranstaltungen in Lindau im Bodensee 2026 – 3 Events: Konzerte, Märkte, Feste &amp; mehr. Alle Termine auf einen Blick."
"Veranstaltungen Stadt Lindau Bodensee aktuell",brave,3,web,"Veranstaltungen heute/morgen in Lindau/Bodensee und Umgebung","https://veranstaltungen.meinestadt.de/lindau-bodensee","Tettnang, Regionalwerk Bodensee Schlossgarten Open AirsKonzerte · Liedfett - Herzlich Willkommen - Im Club Tour 2026 · Di. 09.06.26, 20:00 ... Di. 09.06.26, 20:00 · Bodolz, Club Vaudeville Lindau e.V.KonzerteAlle Konzerte in Lindau"
"Veranstaltungen Stadt Lindau Bodensee aktuell",brave,4,web,"Alle Veranstaltungen 2026 in Lindau/Bodensee | Eventkalender","https://veranstaltungen.meinestadt.de/lindau-bodensee/alle/alle","Bodolz, St. Stephan (Lindau-Insel) obere Sakristei"
"Veranstaltungen Stadt Lindau Bodensee aktuell",brave,5,web,"Veranstaltungen in Lindau","https://www.bodensee.eu/en/where-to-travel/lake-constance-cities/lindau/events","For unlimited adventure · Three countries &amp; one Prinicpality"
"Veranstaltungen Stadt Lindau Bodensee aktuell",staan,1,web,"Veranstaltungen in Lindau 🎙️: Highlights, Events & ...","https://www.lindau.de/lindau-erleben/veranstaltungen/","Top-Veranstaltungen in Lindau · Lindauer Dahlienschau · Lindauer Hafenweihnacht · Lindauer Jahrmarkt · Frühlingszauber Bodensee · Lindauer Kinderfest · Genussherbst ..."
"Veranstaltungen Stadt Lindau Bodensee aktuell",staan,2,web,"Veranstaltungen in Lindau im Bodensee 2026","https://www.veranstaltung-baden-wuerttemberg.de/stadt/lindau-im-bodensee/","Veranstaltungen in Lindau im Bodensee: Aktuell 76 Events — Konzerte, M rkte, Feste, Ausstellungen und mehr. Hier findest du den vollst ndigen ..."
"Veranstaltungen Stadt Lindau Bodensee aktuell",staan,3,web,"Veranstaltungen heute/morgen in Lindau/Bodensee und ...","https://veranstaltungen.meinestadt.de/lindau-bodensee","Wo ist etwas los in meiner Nähe? Bei uns findest du aktuelle Events in und um Lindau/Bodensee: Konzerte ✓ Partys ✓ Musicals ✓ Festivals ✓ Kultur ✓ Sport."
"Veranstaltungen Stadt Lindau Bodensee aktuell",staan,4,web,"Traditionsveranstaltungen / Stadt Lindau","https://www.stadtlindau.de/Unsere-Stadt/Traditionsveranstaltungen/","Traditionsveranstaltungen in Lindau am Bodensee · 3D-Forum Lindau · Lindauer Psychotherapiewochen · Segelregatta ""RUND UM"" · Nobelpreisträgertagung · Stadtfest."
"Veranstaltungen Stadt Lindau Bodensee aktuell",staan,5,web,"Events in Lindau & der Region","https://www.gitzenweiler-hof.de/de/tipps-events/veranstaltungskalender/fuer-die-region","Mittwochs von 17:00 bis 21:30 Uhr bietet der Lindauer Abendmarkt von April bis September regionale Spezialitäten, Feinkost und stimmungsvolles Inselambiente ..."
"Veranstaltungen Stadt Lindau Bodensee aktuell",staan,6,web,"Veranstaltungen Archive - Lindau (Bodensee ...","https://www.lindau.de/veranstaltungen/","Möchten Sie die Stadt auf spielerische und einzigartige Weise erkunden? Dann ist diese Stadtrallye... 8:00 - 20:00 Ganztägig. 69,00 €."
"Veranstaltungen Stadt Lindau Bodensee aktuell",staan,7,web,"Veranstaltungen in Lindau","https://www.bodensee.eu/de/wohin-reisen/bodensee-staedte/lindau/veranstaltungen","Bodensee Städte · Lindau; Weitere Städte. Veranstaltungen in Lindau. Filtern nach. Alle Themen, Genussherbst, Gartenjahr, Aktiv: Blau-grüne Freizeitarena ..."
"Veranstaltungen Stadt Lindau Bodensee aktuell",staan,8,web,"Veranstaltungen & Konzerte in Lindau/Bodensee","https://www.eventim.de/cityd/lindaubodensee-712/?srsltid=AfmBOorQcWiIjyPdX_1g-FO4esAs9xtN_9LogHt60ua0O2Yzihc4q8Yc","Die Fantastischen Vier - Der letzte Bus - Open Airs 2027 - Final Tour 26-28 · 18.06.2027 ─ 29.08.2027 ; Mario Barth - Männer sind nichts ohne die Frauen."
"Veranstaltungen Stadt Lindau Bodensee aktuell",staan,9,web,"„Was ist los in Lindau“-Gruppe","https://www.facebook.com/groups/wasistlosinlindau/","Diese ist die offizielle Facebookseite mit integrierter Facebookgruppe von „Was ist los in Lindau“ und damit Eure Community für Events, Partys und..."
"Rathaus Stadt Lindau Adresse Kontakt Telefon",brave,1,web,"Stadt Lindau (B) / Stadt Lindau","https://www.stadtlindau.de/Quicknavigation/Kontakt/","Kontakt · Datenschutzerklärung · Impressum · Barrierefreiheitserklärung · Stadt Lindau (B) Bregenzer Straße 4-12 88131 Lindau (B) Karte anzeigen · Telefon: <strong>08382 / 918-0</strong> Fax: 08382 / 918-290 E-Mail schreiben Webseite besuchen (Sicheres Kontaktformular) Abgrabung; Vorlage von Unterlagen ..."
"Rathaus Stadt Lindau Adresse Kontakt Telefon",brave,2,web,"Ämter, Abteilungen, Sachgebiete / Stadt Lindau","https://www.stadtlindau.de/B%C3%BCrger-Politik-Verwaltung/%C3%84mter-Abteilungen-Sachgebiete/","Telefon: <strong>08382 918-355</strong> E-Mail schreiben E-Mail schreiben · Abt. 3233 - Verkehrsüberwachung Innendienst » · Bürger- und Ordnungsamt Bregenzer Straße 12 88131 Lindau (B) Karte anzeigen ... Stadt Lindau (Bodensee) Tel."
"Rathaus Stadt Lindau Adresse Kontakt Telefon",brave,3,web,"Altes Rathaus / Stadt Lindau","https://www.stadtlindau.de/B%C3%BCrger-Politik-Verwaltung/%C3%84mter-Abteilungen-Sachgebiete/Altes-Rathaus.php?ModID=9&FID=2412.492.1&La=1&object=tx%7C2412.1.1&redir=1","Stadtwerke Lindau · Startseite · Kontakt · Datenschutzerklärung · Impressum · Barrierefreiheitserklärung · Altes Rathaus · Hauptamt Bismarckplatz 4 88131 Lindau (B) Karte anzeigen · Telefon: <strong>08382 944071</strong> Fax: 08382 274900 E-Mail schreiben · Stadt Lindau (Bodensee) Tel."
"Rathaus Stadt Lindau Adresse Kontakt Telefon",brave,4,web,"Stadtverwaltung in Lindau (Bodensee) ⇒ in Das Örtliche","https://www.dasoertliche.de/Themen/Stadtverwaltung/Lindau-Bodensee.html","Maximilianstr. 52 88131 Lindau (Bodensee), Insel"
"Rathaus Stadt Lindau Adresse Kontakt Telefon",brave,5,web,"Bürgerservice / Landkreis Lindau","https://www.landkreis-lindau.de/B%C3%BCrgerservice-Online-Dienste/B%C3%BCrgerservice/","Landratsamt Lindau (Bodensee) Stiftsplatz 4 88131 Lindau (Bodensee) Telefon<strong>08382 270-0</strong>"
"Rathaus Stadt Lindau Adresse Kontakt Telefon",staan,1,web,"Stadt Lindau (B) / Stadt Lindau","https://www.stadtlindau.de/Quicknavigation/Kontakt/","Detailansicht. Stadt Lindau (B). Bregenzer Straße 4-12 88131 Lindau (B) Karte anzeigen. Telefon: 08382 / 918-0. Fax: 08382 / 918-290. E-Mail schreiben"
"Rathaus Stadt Lindau Adresse Kontakt Telefon",staan,2,web,"Ämter, Abteilungen, Sachgebiete","https://www.stadtlindau.de/B%C3%BCrger-Politik-Verwaltung/%C3%84mter-Abteilungen-Sachgebiete/","Amt 10 - Hauptamt ». Tanja Bohnert Amtsleiterin Bregenzer Straße 6 88131 Lindau (B) Karte anzeigen. Telefon: 08382 918-110. Fax: 08382 918-290. E-Mail schreiben."
"Rathaus Stadt Lindau Adresse Kontakt Telefon",staan,3,web,"Startseite / Stadt Lindau","https://www.stadtlindau.de/","E-Mail: stadtverwaltung@lindau.de. Zur Nutzung der DE-Mail müssen Sie eine DE ... Das Stadtgebiet (inklusive Festland) umfasst eine Fläche von 3.300 Hektar, rund ..."
"Rathaus Stadt Lindau Adresse Kontakt Telefon",staan,4,web,"Impressum / Stadt Lindau","https://www.stadtlindau.de/Quicknavigation/Impressum/","Dr. Claudia Alfons Bregenzer Straße 6 88131 Lindau (B). Telefon: +49 8382 918-0. Telefax: +49 8382 918-290 stadtverwaltung@lindau.de · www.stadtlindau.de."
"Rathaus Stadt Lindau Adresse Kontakt Telefon",staan,5,web,"Lindau im Bodensee Urlaub auf der Bodenseeinsel","https://www.lindau.de/","Willkommen in Lindau im Bodensee! Planen Sie hier Ihren Urlaub: passende Unterkunft finden, Ausflugsziele und Sehenswürdigkeiten entdecken."
"Rathaus Stadt Lindau Adresse Kontakt Telefon",staan,6,web,"Große Kreisstadt Lindau (Bodensee)","https://www.bayernportal.de/dokumente/behoerde/61109050444","De-Mail. lindau@by.de-mail.de ; Telefon. +49 8382 918-0 ; Fax. +49 8382 918-290 ; Webseite. www.stadtlindau.de."
"Rathaus Stadt Lindau Adresse Kontakt Telefon",staan,7,web,"Mobilität & Wirtschaft / Stadt Lindau","https://www.stadtlindau.de/Mobilit%C3%A4t-Wirtschaft/","E-Mail: stadtverwaltung@lindau.de ... Das Stadtgebiet (inklusive Festland) umfasst eine Fläche von 3.300 Hektar, rund 25.000 Menschen leben in Lindau. Startseite ..."
"Rathaus Stadt Lindau Adresse Kontakt Telefon",staan,8,web,"Bürgerservice / Landkreis Lindau","https://www.landkreis-lindau.de/B%C3%BCrgerservice-Online-Dienste/B%C3%BCrgerservice/","Telefon08382 270-0. Fax08382 270-115. E-Mail oder Kontaktformular · Landratsamt Lindau (Bodensee) Bregenzer Straße 35 88131 Lindau (Bodensee) Telefon08382 270-0."
"Rathaus Stadt Lindau Adresse Kontakt Telefon",staan,9,web,"Stadtverwaltung in Lindau (Bodensee) jetzt finden!","https://www.dastelefonbuch.de/Branchen/Stadtverwaltung/Lindau%20%28Bodensee%29","Stadtverwaltung in Lindau (Bodensee) gesucht? Kostenlose Infos zu ✓ Öffnungszeiten ✓ Telefonnummern bei Ihrer Nr. 1 ☎ für regionale Adressen entdecken!"
"Rathaus Stadt Lindau Adresse Kontakt Telefon",staan,10,web,"ᐅ Top 10 Stadtverwaltung Lindau (Bodensee) | ✉ Adresse","https://www.gelbeseiten.de/branchen/stadtverwaltung/lindau%20bodensee","Stadt Lindau (Bodensee). 4,5. 4.5. 2 Bewertungen. Stadt- und Gemeindeverwaltungen. Bregenzer Str. 4, 88131 Lindau (Bodensee) (Reutin) 3 km. 08382 9 18-0. Bodolz."
